ts_ms,file_type,uri,latency_ms,status,bytes_received
4453354.912404999,small,/small/small_04.html,2.241088000118907,200,10332
4453365.183773001,small,/small/small_24.html,0.4422040001372807,200,10332
4453375.31467,small,/small/small_48.html,0.4590070002450375,200,10332
4453385.661673,small,/small/small_20.html,0.5869420001545222,200,10332
4453396.053661,small,/small/small_14.html,0.48473799961357145,200,10332
4453406.231224,small,/small/small_38.html,0.44184699981997255,200,10332
4453416.571107,small,/small/small_28.html,0.413480000133859,200,10332
4453426.908462,small,/small/small_47.html,0.4546029995253775,200,10332
4453437.171588,small,/small/small_33.html,0.4310730000725016,200,10332
4453447.298789999,small,/small/small_35.html,0.4273230006219819,200,10332
4453457.634302,small,/small/small_33.html,0.43575599920586683,200,10332
4453467.932632,small,/small/small_03.html,0.4307669996705954,200,10332
4453478.186676,small,/small/small_24.html,0.4313809995437623,200,10332
4453488.29377,small,/small/small_21.html,0.42407000000821427,200,10332
4453498.629733,small,/small/small_28.html,0.42225000015605474,200,10332
4453508.974309,small,/small/small_34.html,0.46175800071068807,200,10332
4453519.175536,small,/small/small_12.html,0.4249869998602662,200,10332
4453529.309797,small,/small/small_02.html,0.425786999585398,200,10332
4453539.649866,small,/small/small_12.html,0.44437599990487797,200,10332
4453549.994124,small,/small/small_33.html,0.45834000047761947,200,10332
4453555.199212,small,/small/small_33.html,0.4138869999223971,200,10332
4453565.331749,small,/small/small_12.html,0.42767799914145144,200,10332
4453575.665498,small,/small/small_29.html,0.41028000032383716,200,10332
4453585.932659,small,/small/small_48.html,0.4560289999062661,200,10332
4453596.131758001,small,/small/small_49.html,0.42112600021937396,200,10332
4453606.25371,small,/small/small_38.html,0.43101899973407853,200,10332
4453616.596734,small,/small/small_29.html,0.4316320000725682,200,10332
4453626.950499,small,/small/small_49.html,0.43435399948066333,200,10332
4453637.173307,small,/small/small_48.html,0.44189999971422367,200,10332
4453647.302237,small,/small/small_34.html,0.42573300015646964,200,10332
4453657.615314,small,/small/small_18.html,0.42124100036744494,200,10332
4453667.957519,small,/small/small_33.html,0.46398399990721373,200,10332
4453678.159424,small,/small/small_23.html,0.41021299966814695,200,10332
4453688.289318,small,/small/small_30.html,0.3982149992225459,200,10332
4453698.629047001,small,/small/small_30.html,0.40719800017541274,200,10332
4453708.897914,small,/small/small_47.html,0.4955379999955767,200,10332
4453719.133226,small,/small/small_47.html,0.40752800032350933,200,10332
4453729.16652,small,/small/small_43.html,0.40364399956160923,200,10332
4453739.297979999,small,/small/small_21.html,0.4247389997544815,200,10332
4453749.560858,small,/small/small_11.html,0.40268599968840135,200,10332
4453759.905121,small,/small/small_40.html,0.4123700000491226,200,10332
4453764.971081,small,/small/small_31.html,0.4331989994170726,200,10332
4453775.241114,small,/small/small_46.html,0.4078700003447011,200,10332
4453785.476028,small,/small/small_36.html,0.39371599996229634,200,10332
4453795.808409,small,/small/small_42.html,0.4186369997114525,200,10332
4453806.196416,small,/small/small_27.html,0.4034690000480623,200,10332
4453816.414902001,small,/small/small_14.html,0.40019599964580266,200,10332
4453826.707749,small,/small/small_24.html,0.45772199973725947,200,10332
4453837.0594810005,small,/small/small_40.html,0.4042919999847072,200,10332
4453847.227642,small,/small/small_22.html,0.4070800005138153,200,10332
4453857.466016999,small,/small/small_13.html,0.4050759998790454,200,10332
4453867.774704999,small,/small/small_07.html,0.41604600028222194,200,10332
4453878.118885,small,/small/small_42.html,0.4003529993497068,200,10332
4453888.237937,small,/small/small_38.html,0.48046499978227075,200,10332
4453898.501016,small,/small/small_07.html,0.45184200007497566,200,10332
4453908.846601,small,/small/small_09.html,0.4928879998260527,200,10332
4453919.109821,small,/small/small_16.html,0.41458099985902663,200,10332
4453929.230445,small,/small/small_04.html,0.3988010003013187,200,10332
4453939.463677,small,/small/small_46.html,0.4053859993291553,200,10332
4453949.805319,small,/small/small_04.html,0.4988190003132331,200,10332
4453954.893051,small,/small/small_12.html,0.4790939992744825,200,10332
4453965.16393,small,/small/small_02.html,0.40711299971007975,200,10332
4453975.292889,small,/small/small_05.html,0.40439399981551105,200,10332
4453985.628234,small,/small/small_47.html,0.4339639999670908,200,10332
4453995.977699,small,/small/small_24.html,0.4477339998629759,200,10332
4454006.242897,small,/small/small_11.html,0.4358750002211309,200,10332
4454016.482129,small,/small/small_34.html,0.4412640000737156,200,10332
4454026.824225,small,/small/small_25.html,0.45295000018086284,200,10332
4454037.175272,small,/small/small_16.html,0.40648100002727006,200,10332
4454047.310954,small,/small/small_03.html,0.3970380003011087,200,10332
4454057.6512899995,small,/small/small_40.html,0.49179699999513105,200,10332
4454067.9718470005,small,/small/small_48.html,0.40958000045066,200,10332
4454078.166774999,small,/small/small_22.html,0.39672099956078455,200,10332
4454088.459452,small,/small/small_20.html,0.40656800047145225,200,10332
4454098.804531,small,/small/small_50.html,0.4611229996953625,200,10332
4454109.141214,small,/small/small_03.html,0.38987899915809976,200,10332
4454119.228231001,small,/small/small_49.html,0.4007219995401101,200,10332
4454129.457248,small,/small/small_40.html,0.39713200021651573,200,10332
4454139.799347,small,/small/small_31.html,0.4066010005772114,200,10332
4454144.970635001,small,/small/small_06.html,0.4172890003246721,200,10332
4454155.230534,small,/small/small_21.html,0.40189599985751556,200,10332
4454165.459271,small,/small/small_02.html,0.39502500021626474,200,10332
4454175.8025859995,small,/small/small_09.html,0.4100220003238064,200,10332
4454186.121492,small,/small/small_50.html,0.3929639997295453,200,10332
4454196.226934999,small,/small/small_33.html,0.39216599998326274,200,10332
4454206.457604,small,/small/small_22.html,0.4089439999006572,200,10332
4454216.797059,small,/small/small_39.html,0.39926199951878516,200,10332
4454227.190677,small,/small/small_42.html,0.40239600002678344,200,10332
4454237.296503,small,/small/small_36.html,0.3962660002798657,200,10332
4454247.639559,small,/small/small_43.html,0.438713000221469,200,10332
4454257.874281,small,/small/small_03.html,0.4473829994822154,200,10332
4454268.1821260005,small,/small/small_11.html,0.40287600040755933,200,10332
4454278.298502,small,/small/small_41.html,0.39491799998359056,200,10332
4454288.635004,small,/small/small_46.html,0.3882000000885455,200,10332
4454298.977932,small,/small/small_16.html,0.38968599983491004,200,10332
4454309.174707,small,/small/small_29.html,0.4445790000318084,200,10332
4454319.300267,small,/small/small_06.html,0.4112959995836718,200,10332
4454329.634621,small,/small/small_40.html,0.4510219996518572,200,10332
4454339.919442,small,/small/small_40.html,0.4503169993768097,200,10332
4454345.11097,small,/small/small_17.html,0.4039010000269627,200,10332
4454355.2531429995,small,/small/small_18.html,0.3967570000895648,200,10332
4454365.458182001,small,/small/small_01.html,0.4358490004960913,200,10332
4454375.7993290005,small,/small/small_25.html,0.4113380000489997,200,10332
4454386.171711001,small,/small/small_08.html,0.4048949995194562,200,10332
4454396.406598,small,/small/small_06.html,0.4901450001852936,200,10332
4454406.6899689995,small,/small/small_07.html,0.44697500015900005,200,10332
4454417.059629,small,/small/small_49.html,0.40467399958288297,200,10332
4454427.230084,small,/small/small_14.html,0.40911900032369886,200,10332
4454437.564789,small,/small/small_43.html,0.39162899975053733,200,10332
4454447.916544,small,/small/small_20.html,0.4241300002831849,200,10332
4454458.165642,small,/small/small_25.html,0.3961160000471864,200,10332
4454468.295806999,small,/small/small_49.html,0.3932090003218036,200,10332
4454478.628627,small,/small/small_47.html,0.4114760004085838,200,10332
4454488.970267,small,/small/small_28.html,0.39873500008980045,200,10332
4454499.168956,small,/small/small_38.html,0.4062220004925621,200,10332
4454509.299113001,small,/small/small_27.html,0.3931869996449677,200,10332
4454519.6312110005,small,/small/small_38.html,0.407532999815885,200,10332
4454529.9711959995,small,/small/small_07.html,0.4003670001111459,200,10332
4454535.145875,small,/small/small_31.html,0.4048910004712525,200,10332
4454545.278108,small,/small/small_34.html,0.41812099971139105,200,10332
4454555.507679,small,/small/small_08.html,0.39175700021587545,200,10332
4454565.820900001,small,/small/small_19.html,0.4013959996882477,200,10332
4454576.100958999,small,/small/small_24.html,0.3971579999415553,200,10332
4454586.221044,small,/small/small_44.html,0.39096900036383886,200,10332
4454596.458095,small,/small/small_07.html,0.38909900013095466,200,10332
4454606.798307,small,/small/small_50.html,0.44144799994683126,200,10332
4454617.173951999,small,/small/small_02.html,0.3959010000471608,200,10332
4454627.294656999,small,/small/small_04.html,0.401336999857449,200,10332
4454637.629996,small,/small/small_32.html,0.4328049999458017,200,10332
4454648.290728,small,/small/small_38.html,0.4968190005456563,200,10332
4454658.537308,small,/small/small_01.html,0.6081300007281243,200,10332
4454668.8846309995,small,/small/small_24.html,0.4674010006056051,200,10332
4454679.1105120005,small,/small/small_47.html,0.40508100028091576,200,10332
4454689.228324001,small,/small/small_49.html,0.40127600004780106,200,10332
4454699.456859,small,/small/small_08.html,0.40041700049187057,200,10332
4454709.790310999,small,/small/small_26.html,0.44151100064482307,200,10332
4454719.963897,small,/small/small_09.html,0.4004800002803677,200,10332
4454725.1357269995,small,/small/small_26.html,0.388696000300115,200,10332
4454735.237928,small,/small/small_17.html,0.4057180003655958,200,10332
4454745.470777,small,/small/small_06.html,0.4104409999854397,200,10332
4454755.774477,small,/small/small_22.html,0.40476699996361276,200,10332
4454766.056485,small,/small/small_14.html,0.38902999949641526,200,10332
4454776.227002,small,/small/small_02.html,0.3953160003220546,200,10332
4454786.464478,small,/small/small_31.html,0.3884640000251238,200,10332
4454796.801024,small,/small/small_47.html,0.40068999987852294,200,10332
4454807.127594,small,/small/small_19.html,0.3904510003849282,200,10332
4454817.227619,small,/small/small_30.html,0.39207299960253295,200,10332
4454827.458055,small,/small/small_24.html,0.39482699958170997,200,10332
4454837.721491,small,/small/small_34.html,0.39440299951820634,200,10332
4454848.289705,small,/small/small_47.html,0.40717799947742606,200,10332
4454858.596499,small,/small/small_27.html,0.4014100004496868,200,10332
4454868.833001,small,/small/small_44.html,0.4376679999040789,200,10332
4454879.167553,small,/small/small_15.html,0.3978690001531504,200,10332
4454889.294040999,small,/small/small_39.html,0.39828700028010644,200,10332
4454899.511396,small,/small/small_28.html,0.5169650003153947,200,10332
4454909.781202,small,/small/small_45.html,0.514200999532477,200,10332
4454920.043576,small,/small/small_38.html,0.4464350004127482,200,10332
4454925.167747,small,/small/small_37.html,0.3949840001951088,200,10332
4454935.298471,small,/small/small_23.html,0.4022610000902205,200,10332
4454945.634858,small,/small/small_35.html,0.38034599947422976,200,10332
4454955.976714,small,/small/small_27.html,0.41576900002837647,200,10332
4454966.166102,small,/small/small_06.html,0.39735300015308894,200,10332
4454976.295608,small,/small/small_44.html,0.3992929996456951,200,10332
4454986.530963001,small,/small/small_42.html,0.3978320000896929,200,10332
4454996.874833,small,/small/small_19.html,0.4541399994195672,200,10332
4455007.1754439995,small,/small/small_46.html,0.3971389996877406,200,10332
4455017.296538,small,/small/small_44.html,0.38994199985609157,200,10332
4455027.638704,small,/small/small_12.html,0.3677550002976204,200,10332
4455037.980565,small,/small/small_08.html,0.4085319997102488,200,10332
4455048.214147001,small,/small/small_49.html,0.4072600004292326,200,10332
4455058.447717,small,/small/small_22.html,0.38693500027875416,200,10332
4455068.770223,small,/small/small_46.html,0.4324569999880623,200,10332
4455079.108216001,small,/small/small_11.html,0.4029869996884372,200,10332
4455089.231303,small,/small/small_30.html,0.4027839995615068,200,10332
4455099.459416,small,/small/small_16.html,0.38628199945378583,200,10332
4455109.800901,small,/small/small_23.html,0.4076170007465407,200,10332
4455119.986836,small,/small/small_37.html,0.4505140004766872,200,10332
4455125.167955,small,/small/small_30.html,0.40473999979440123,200,10332
4455135.286681,small,/small/small_02.html,0.39963900053407997,200,10332
4455145.629116001,small,/small/small_25.html,0.39377699977194425,200,10332
4455155.971519,small,/small/small_12.html,0.40411400004813913,200,10332
4455166.167599,small,/small/small_04.html,0.40467800045007607,200,10332
4455176.295888,small,/small/small_26.html,0.3959399991799728,200,10332
4455186.523569,small,/small/small_47.html,0.3797899998971843,200,10332
4455196.8699509995,small,/small/small_46.html,0.4116199997952208,200,10332
4455207.195832,small,/small/small_24.html,0.3931869996449677,200,10332
4455217.318797,small,/small/small_22.html,0.3905650000888272,200,10332
4455227.655069,small,/small/small_43.html,0.4042840000693104,200,10332
4455237.996754999,small,/small/small_47.html,0.4077539997524582,200,10332
4455248.296212,small,/small/small_40.html,0.4032540000480367,200,10332
4455258.631099,small,/small/small_43.html,0.391394999496697,200,10332
4455268.913977,small,/small/small_41.html,0.4110240006411914,200,10332
4455279.162428,small,/small/small_21.html,0.3968759992858395,200,10332
4455289.40102,small,/small/small_46.html,0.3999230002591503,200,10332
4455299.7443200005,small,/small/small_30.html,0.4144100003031781,200,10332
4455304.922856,small,/small/small_07.html,0.40519200047128834,200,10332
4455315.160047,small,/small/small_14.html,0.3930630000468227,200,10332
4455325.2662430005,small,/small/small_39.html,0.40654399981576717,200,10332
4455335.495634,small,/small/small_14.html,0.4079469999851426,200,10332
4455345.839679,small,/small/small_07.html,0.43621999975584913,200,10332
4455356.168758,small,/small/small_36.html,0.3948679996028659,200,10332
4455366.295282,small,/small/small_13.html,0.44343300032778643,200,10332
4455376.6355489995,small,/small/small_38.html,0.3992340007243911,200,10332
4455386.981639,small,/small/small_32.html,0.40757100032351445,200,10332
4455397.218036,small,/small/small_09.html,0.3899530001945095,200,10332
4455407.456175,small,/small/small_44.html,0.4745719998027198,200,10332
4455417.80007,small,/small/small_17.html,0.4763549995914218,200,10332
4455428.158461,small,/small/small_12.html,0.4601109994837316,200,10332
4455438.3093260005,small,/small/small_14.html,0.39920299968798645,200,10332
4455448.604258,small,/small/small_49.html,0.45842100007575937,200,10332
4455459.037509,small,/small/small_01.html,0.4017999999632593,200,10332
4455469.227810999,small,/small/small_35.html,0.39641300008952385,200,10332
4455479.457363,small,/small/small_43.html,0.41016799968929263,200,10332
4455489.742071,small,/small/small_38.html,0.41718700049386825,200,10332
4455494.905345,small,/small/small_44.html,0.40353700023842975,200,10332
4455505.092215001,small,/small/small_30.html,0.4448019999472308,200,10332
4455515.228802,small,/small/small_33.html,0.4073900008734199,200,10332
4455525.459094,small,/small/small_06.html,0.39742999979353044,200,10332
4455535.800334,small,/small/small_23.html,0.4486230000111391,200,10332
4455546.205902,small,/small/small_49.html,0.41346299985889345,200,10332
4455556.296201,small,/small/small_26.html,0.3952100005335524,200,10332
4455566.633395,small,/small/small_41.html,0.3883300005327328,200,10332
4455576.976344001,small,/small/small_47.html,0.41181800042977557,200,10332
4455587.17494,small,/small/small_11.html,0.39367000044876477,200,10332
4455597.300122,small,/small/small_30.html,0.40607000028103357,200,10332
4455607.639053,small,/small/small_10.html,0.3870310001730104,200,10332
4455617.982929001,small,/small/small_36.html,0.433651999628637,200,10332
4455628.356466,small,/small/small_01.html,0.40493699998478405,200,10332
4455638.655666,small,/small/small_35.html,0.3898570003002533,200,10332
4455648.942187999,small,/small/small_37.html,0.40733600053499686,200,10332
4455659.172765,small,/small/small_44.html,0.39358699996228097,200,10332
4455669.301771,small,/small/small_42.html,0.40943099975265795,200,10332
4455679.639635,small,/small/small_45.html,0.4053170005136053,200,10332
4455689.977678,small,/small/small_20.html,0.39165900034277,200,10332
4455695.185781,small,/small/small_21.html,0.3951169992433279,200,10332
4455705.307410001,small,/small/small_42.html,0.40721799996390473,200,10332
4455715.648459,small,/small/small_20.html,0.4569359998640721,200,10332
4455726.031832,small,/small/small_26.html,0.41150200013362337,200,10332
4455736.244392,small,/small/small_06.html,0.3901939999195747,200,10332
4455746.475475,small,/small/small_14.html,0.3970719999415451,200,10332
4455756.808435,small,/small/small_34.html,0.3845210003419197,200,10332
4455767.12367,small,/small/small_10.html,0.3870609998557484,200,10332
4455777.222208,small,/small/small_41.html,0.40075500055536395,200,10332
4455787.562511,small,/small/small_03.html,0.3906050005753059,200,10332
4455797.983523,small,/small/small_30.html,0.4033209997942322,200,10332
4455808.09841,small,/small/small_34.html,0.39633600044908235,200,10332
4455818.223348999,small,/small/small_08.html,0.44683099986286834,200,10332
4455828.4533710005,small,/small/small_25.html,0.4037239996250719,200,10332
4455838.794314,small,/small/small_14.html,0.4096350003237603,200,10332
4455849.128103,small,/small/small_05.html,0.39758399998390814,200,10332
4455859.231516001,small,/small/small_24.html,0.39542800004710443,200,10332
4455869.4554,small,/small/small_29.html,0.393442000131472,200,10332
4455879.78767,small,/small/small_30.html,0.42543699964880943,200,10332
4455884.977111,small,/small/small_46.html,0.4133359998377273,200,10332
4455895.237118,small,/small/small_41.html,0.4015730000901385,200,10332
4455905.392631,small,/small/small_18.html,0.46473599923047004,200,10332
4455915.662408,small,/small/small_07.html,0.47757399988768157,200,10332
4455925.828788,small,/small/small_31.html,0.45355199927143985,200,10332
4455936.139855,small,/small/small_44.html,0.3982800008088816,200,10332
4455946.291496,small,/small/small_12.html,0.4055440003867261,200,10332
4455956.626711001,small,/small/small_09.html,0.4145200000493787,200,10332
4455966.968654,small,/small/small_36.html,0.4123599992453819,200,10332
4455977.164281,small,/small/small_26.html,0.39548700078739785,200,10332
4455987.289507,small,/small/small_48.html,0.3958990000683116,200,10332
4455997.627137,small,/small/small_47.html,0.6157349998829886,200,10332
4456007.968251,small,/small/small_33.html,0.40141799945558887,200,10332
4456018.181328,small,/small/small_47.html,0.40023000019573374,200,10332
4456028.311905,small,/small/small_48.html,0.398103999941668,200,10332
4456038.646047,small,/small/small_46.html,0.4229400001349859,200,10332
4456048.98245,small,/small/small_41.html,0.42314399979659356,200,10332
4456059.299825001,small,/small/small_46.html,0.39532099981443025,200,10332
4456069.576653,small,/small/small_40.html,0.3961709999202867,200,10332
4456079.920295999,small,/small/small_05.html,0.4469030000109342,200,10332
4456085.111401,small,/small/small_26.html,0.39140199987741653,200,10332
4456095.231342,small,/small/small_17.html,0.3960209996876074,200,10332
4456105.467161,small,/small/small_23.html,0.4287250003471854,200,10332
4456115.808624,small,/small/small_06.html,0.4367930005173548,200,10332
4456126.163411,small,/small/small_12.html,0.4016820003016619,200,10332
4456136.297075,small,/small/small_25.html,0.39852800000517163,200,10332
4456146.627445,small,/small/small_02.html,0.39167400063888635,200,10332
4456156.969466,small,/small/small_11.html,0.4001540000899695,200,10332
4456167.231432,small,/small/small_47.html,0.39811699934944045,200,10332
4456177.461756,small,/small/small_28.html,0.4029259998787893,200,10332
4456187.784089999,small,/small/small_21.html,0.4134190003242111,200,10332
4456198.05774,small,/small/small_39.html,0.3940619999411865,200,10332
4456208.285363,small,/small/small_19.html,0.40287199954036623,200,10332
4456218.628149,small,/small/small_10.html,0.4209769995213719,200,10332
4456228.970473,small,/small/small_13.html,0.4013539992229198,200,10332
4456239.22967,small,/small/small_07.html,0.40033999994193437,200,10332
4456249.570288,small,/small/small_14.html,0.38943300023674965,200,10332
4456259.910009,small,/small/small_10.html,0.4072069996254868,200,10332
4456264.984251,small,/small/small_17.html,0.41545699968992267,200,10332
4456275.227930999,small,/small/small_13.html,0.3987870004493743,200,10332
4456285.458301,small,/small/small_16.html,0.3902219996234635,200,10332
4456295.801360999,small,/small/small_03.html,0.40225199973065173,200,10332
4456306.11424,small,/small/small_24.html,0.4061429999637767,200,10332
4456316.230475,small,/small/small_40.html,0.4005900000265683,200,10332
4456326.538479,small,/small/small_10.html,0.4089600006409455,200,10332
4456336.869408,small,/small/small_05.html,0.42031300017697504,200,10332
4456347.157302,small,/small/small_50.html,0.39709199973003706,200,10332
4456357.287467,small,/small/small_21.html,0.39840899989940226,200,10332
4456367.624380999,small,/small/small_08.html,0.45774400041409535,200,10332
4456377.936841,small,/small/small_50.html,0.4067289992235601,200,10332
4456388.229778,small,/small/small_26.html,0.4067820000273059,200,10332
4456398.460784,small,/small/small_04.html,0.40336900019610766,200,10332
4456408.687699,small,/small/small_31.html,0.43713000013667624,200,10332
4456418.967642999,small,/small/small_21.html,0.4975889996785554,200,10332
4456429.155547,small,/small/small_40.html,0.4048020000482211,200,10332
4456439.288536999,small,/small/small_38.html,0.3977589994974551,200,10332
4456449.618634,small,/small/small_43.html,0.3893979992426466,200,10332
4456459.964484,small,/small/small_26.html,0.4028069997730199,200,10332
4456465.031525,small,/small/small_30.html,0.3949710007873364,200,10332
4456475.228781,small,/small/small_25.html,0.40440599968860624,200,10332
4456485.355308999,small,/small/small_03.html,0.5009220003557857,200,10332
4456495.698709,small,/small/small_29.html,0.5024100000809995,200,10332
4456506.042711,small,/small/small_09.html,0.40494499990018085,200,10332
4456516.234519,small,/small/small_44.html,0.40724499922362156,200,10332
4456526.463767,small,/small/small_12.html,0.4039189998366055,200,10332
4456536.672112,small,/small/small_20.html,0.37398600034066476,200,10332
4456546.915211,small,/small/small_46.html,0.4138390004300163,200,10332
4456557.150516,small,/small/small_07.html,0.39495600049122004,200,10332
4456567.2269830005,small,/small/small_15.html,0.4007090001323377,200,10332
4456577.45983,small,/small/small_10.html,0.3971940004703356,200,10332
4456587.803144,small,/small/small_06.html,0.40225199973065173,200,10332
4456598.135931,small,/small/small_42.html,0.47907499993016245,200,10332
4456608.23533,small,/small/small_31.html,0.40681500013306504,200,10332
4456618.407691,small,/small/small_31.html,0.4041699994559167,200,10332
4456628.698977,small,/small/small_02.html,0.4403570001159096,200,10332
4456639.064680999,small,/small/small_33.html,0.4293000001780456,200,10332
4456649.229243999,small,/small/small_04.html,0.4304140002204804,200,10332
4456659.4064,small,/small/small_01.html,0.417379999817058,200,10332
4456669.964968001,small,/small/small_34.html,0.5573099997491227,200,10332
4456675.070561,small,/small/small_34.html,0.5837500002598972,200,10332
4456685.241262999,small,/small/small_09.html,0.42684999971243087,200,10332
4456695.467970001,small,/small/small_01.html,0.41415600026084576,200,10332
4456705.816978999,small,/small/small_08.html,0.4723170004581334,200,10332
4456716.140658,small,/small/small_30.html,0.4045630003020051,200,10332
4456726.303950001,small,/small/small_04.html,0.40758800059848,200,10332
4456736.700955,small,/small/small_41.html,0.40397700013272697,200,10332
4456747.007598,small,/small/small_40.html,0.40084400006890064,200,10332
4456757.2203170005,small,/small/small_26.html,0.3926350000256207,200,10332
4456767.351968001,small,/small/small_46.html,0.3933850002795225,200,10332
4456777.627191,small,/small/small_50.html,0.3874359999826993,200,10332
4456787.9532079995,small,/small/small_11.html,0.39196800025820266,200,10332
4456798.187448001,small,/small/small_10.html,0.39702300000499235,200,10332
4456808.322383,small,/small/small_14.html,0.3909349998139078,200,10332
4456818.643872,small,/small/small_13.html,0.43854800060216803,200,10332
4456828.989606,small,/small/small_28.html,0.40991700006998144,200,10332
4456839.227771,small,/small/small_09.html,0.39887300044938456,200,10332
4456849.457145999,small,/small/small_20.html,0.3952879997086711,200,10332
4456859.80175,small,/small/small_36.html,0.4069840006195591,200,10332
4456864.958176,small,/small/small_18.html,0.43613900015770923,200,10332
4456875.164452,small,/small/small_49.html,0.39323200053331675,200,10332
4456885.292308,small,/small/small_18.html,0.39783900047041243,200,10332
4456895.634043001,small,/small/small_45.html,0.36230099976819474,200,10332
4456905.979305999,small,/small/small_36.html,0.40044899924396304,200,10332
4456916.249044,small,/small/small_02.html,0.47587800054316176,200,10332
4456926.404278,small,/small/small_49.html,0.42119299996556947,200,10332
4456936.642792,small,/small/small_13.html,0.3900920000887709,200,10332
4456946.98488,small,/small/small_03.html,0.41136599975288846,200,10332
4456957.241301999,small,/small/small_41.html,0.4055819999848609,200,10332
4456967.499073,small,/small/small_17.html,0.40581000030215364,200,10332
4456977.779736999,small,/small/small_31.html,0.40321899996342836,200,10332
4456988.098242,small,/small/small_48.html,0.39799299975129543,200,10332
4456998.224989,small,/small/small_15.html,0.405730000238691,200,10332
4457008.558704,small,/small/small_39.html,0.40059699949779315,200,10332
4457018.904052,small,/small/small_45.html,0.4074590005984646,200,10332
4457029.168016,small,/small/small_07.html,0.40148199968825793,200,10332
4457039.292064,small,/small/small_45.html,0.3989590004493948,200,10332
4457049.628812999,small,/small/small_12.html,0.3926540002794354,200,10332
4457059.971341,small,/small/small_06.html,0.401745000090159,200,10332
4457065.03785,small,/small/small_30.html,0.39762100004736567,200,10332
4457075.229878,small,/small/small_14.html,0.39582099998369813,200,10332
4457085.46131,small,/small/small_21.html,0.38885999947524397,200,10332
4457095.801009,small,/small/small_18.html,0.40649299990036525,200,10332
4457106.1134049995,small,/small/small_34.html,0.397017999603122,200,10332
4457116.303611,small,/small/small_27.html,0.39706099960312713,200,10332
4457126.63937,small,/small/small_43.html,0.3977350006607594,200,10332
4457136.831742,small,/small/small_30.html,0.40755699956207536,200,10332
4457147.099134999,small,/small/small_08.html,0.39620200004719663,200,10332
4457157.224315001,small,/small/small_47.html,0.4011030005131033,200,10332
4457167.461852999,small,/small/small_02.html,0.39340800049103564,200,10332
4457177.803845,small,/small/small_22.html,0.4009910007880535,200,10332
4457188.120866,small,/small/small_47.html,0.3975429999627522,200,10332
4457198.376376,small,/small/small_34.html,0.39405499956046697,200,10332
4457208.721202,small,/small/small_13.html,0.392898999962199,200,10332
4457219.047659,small,/small/small_09.html,0.39910400028020376,200,10332
4457229.229141001,small,/small/small_29.html,0.3852910003843135,200,10332
4457239.460612,small,/small/small_23.html,0.40622399956191657,200,10332
4457249.801607001,small,/small/small_40.html,0.4617380000127014,200,10332
4457254.900242,small,/small/small_13.html,0.5881939996470464,200,10332
4457265.193546,small,/small/small_29.html,0.4035060001115198,200,10332
4457275.320249001,small,/small/small_31.html,0.3979169996455312,200,10332
4457285.658197,small,/small/small_22.html,0.43650399948091945,200,10332
4457295.970395,small,/small/small_11.html,0.43556600030569825,200,10332
4457306.235698,small,/small/small_41.html,0.44254200020077405,200,10332
4457316.466911,small,/small/small_15.html,0.4105589996470371,200,10332
4457326.791731,small,/small/small_42.html,0.41951499952119775,200,10332
4457337.079253,small,/small/small_09.html,0.41844699990178924,200,10332
4457347.228106,small,/small/small_20.html,0.4144120002820273,200,10332
4457357.457909,small,/small/small_35.html,0.400973000068916,200,10332
4457367.803174,small,/small/small_20.html,0.4492549996939488,200,10332
4457378.12536,small,/small/small_02.html,0.38852099987707334,200,10332
4457388.277894,small,/small/small_21.html,0.40560399975220207,200,10332
4457398.61223,small,/small/small_35.html,0.40291100049216766,200,10332
4457408.9554860005,small,/small/small_47.html,0.40022799930738984,200,10332
4457419.229271,small,/small/small_29.html,0.46947700047894614,200,10332
4457429.465848001,small,/small/small_31.html,0.4450739997992059,200,10332
4457439.80609,small,/small/small_02.html,0.44488599996839184,200,10332
4457444.985825,small,/small/small_37.html,0.4468529996302095,200,10332
4457455.190736,small,/small/small_10.html,0.4027009999845177,200,10332
4457465.381624,small,/small/small_50.html,0.4051369996886933,200,10332
4457475.722571,small,/small/small_05.html,0.4356839999672957,200,10332
4457486.051971,small,/small/small_29.html,0.398018999476335,200,10332
4457496.22443,small,/small/small_42.html,0.4021360000479035,200,10332
4457506.452426,small,/small/small_31.html,0.39103000017348677,200,10332
4457516.778034,small,/small/small_16.html,0.4294970003684284,200,10332
4457527.131688,small,/small/small_20.html,0.3915799998139846,200,10332
4457537.266104,small,/small/small_15.html,0.3984620007031481,200,10332
4457547.496466,small,/small/small_46.html,0.7864139997764141,200,10332
4457557.8364510005,small,/small/small_22.html,0.5042829998274101,200,10332
4457568.168543,small,/small/small_45.html,0.3981569998359191,200,10332
4457578.29704,small,/small/small_27.html,0.39663799998379545,200,10332
4457588.6274770005,small,/small/small_14.html,0.387609999961569,200,10332
4457598.98305,small,/small/small_17.html,0.4082549994564033,200,10332
4457609.246859,small,/small/small_09.html,0.39391300015267916,200,10332
4457619.465161,small,/small/small_47.html,0.398752000364766,200,10332
4457629.809384,small,/small/small_28.html,0.4031549997307593,200,10332
4457634.987075999,small,/small/small_30.html,0.44112400064477697,200,10332
4457645.19551,small,/small/small_31.html,0.39826900047046365,200,10332
4457655.304678,small,/small/small_19.html,0.41216600038751494,200,10332
4457665.631812001,small,/small/small_15.html,0.3994899998360779,200,10332
4457675.95411,small,/small/small_34.html,0.4428190004546195,200,10332
4457686.176225,small,/small/small_06.html,0.39857299998402596,200,10332
4457696.315118,small,/small/small_35.html,0.40585100032330956,200,10332
4457706.650876,small,/small/small_04.html,0.4680700003518723,200,10332
4457716.917758,small,/small/small_28.html,0.4027340000902768,200,10332
4457727.164463,small,/small/small_33.html,0.40484999954060186,200,10332
4457737.292457,small,/small/small_24.html,0.38625799970759545,200,10332
4457747.630038001,small,/small/small_34.html,0.7425459998557926,200,10332
4457757.976092,small,/small/small_32.html,0.4390189997138805,200,10332
4457768.239387,small,/small/small_46.html,0.3981500003646943,200,10332
4457778.469753,small,/small/small_45.html,0.39862599987827707,200,10332
4457788.814419,small,/small/small_02.html,0.4378929997983505,200,10332
4457799.1324889995,small,/small/small_03.html,0.39165999987744726,200,10332
4457809.223079,small,/small/small_10.html,0.39940799979376607,200,10332
4457819.458586999,small,/small/small_16.html,0.3948189996663132,200,10332
4457829.804839,small,/small/small_40.html,0.4052699996464071,200,10332
4457834.978906,small,/small/small_19.html,0.4086539993295446,200,10332
4457845.240599999,small,/small/small_07.html,0.41654699998616707,200,10332
4457855.426876,small,/small/small_35.html,0.5790850000266801,200,10332
4457865.772867,small,/small/small_43.html,0.40052199983620085,200,10332
4457876.086863,small,/small/small_46.html,0.4101710001123138,200,10332
4457886.459942,small,/small/small_20.html,0.4041539996251231,200,10332
4457896.74514,small,/small/small_18.html,0.40278300002682954,200,10332
4457907.158875001,small,/small/small_36.html,0.451781999800005,200,10332
4457917.231041,small,/small/small_22.html,0.40565800009062514,200,10332
4457927.443564,small,/small/small_07.html,0.4768649996549357,200,10332
4457937.773718,small,/small/small_07.html,0.4136659999858239,200,10332
4457948.0355980005,small,/small/small_23.html,0.4164319998380961,200,10332
4457958.225198,small,/small/small_41.html,0.40315200021723285,200,10332
4457968.560361,small,/small/small_31.html,0.3957559993068571,200,10332
4457978.903828,small,/small/small_33.html,0.4179939996902249,200,10332
4457989.175946,small,/small/small_10.html,0.4019979996883194,200,10332
4457999.294209001,small,/small/small_22.html,0.40946699937194353,200,10332
4458009.632572,small,/small/small_41.html,0.45471700013877125,200,10332
4458019.899996,small,/small/small_44.html,0.41148700074700173,200,10332
4458025.087114,small,/small/small_35.html,0.40274300044984557,200,10332
4458035.228980999,small,/small/small_43.html,0.3988130001744139,200,10332
4458045.457139,small,/small/small_35.html,0.3980450001108693,200,10332
4458055.721353,small,/small/small_50.html,0.37316100042517064,200,10332
4458065.988252,small,/small/small_27.html,0.43909299984079553,200,10332
4458076.227302,small,/small/small_12.html,0.4229199994369992,200,10332
4458086.458529,small,/small/small_03.html,0.40405999970971607,200,10332
4458096.798628001,small,/small/small_49.html,0.4513570002018241,200,10332
4458107.116111,small,/small/small_23.html,0.39812300019548275,200,10332
4458117.270777999,small,/small/small_19.html,0.39543399998365203,200,10332
4458127.506499001,small,/small/small_03.html,0.4019779998998274,200,10332
4458137.846579,small,/small/small_37.html,0.4314219995649182,200,10332
4458148.133611,small,/small/small_15.html,0.4184119998171809,200,10332
4458158.236091,small,/small/small_24.html,0.3971090000050026,200,10332
4458168.471287,small,/small/small_39.html,0.4000159997303854,200,10332
4458178.811454001,small,/small/small_16.html,0.4416899992065737,200,10332
4458189.12796,small,/small/small_13.html,0.4005129994766321,200,10332
4458199.281246,small,/small/small_45.html,0.4154090001975419,200,10332
4458209.611183,small,/small/small_33.html,0.38746599966543727,200,10332
4458219.798869001,small,/small/small_38.html,0.40550399990024744,200,10332
4458224.978871,small,/small/small_04.html,0.44339299984130776,200,10332
4458235.195590001,small,/small/small_34.html,0.39773600019543665,200,10332
4458245.530275,small,/small/small_28.html,0.3960780004490516,200,10332
4458255.869782001,small,/small/small_09.html,0.39170400032162433,200,10332
4458266.19137,small,/small/small_09.html,0.3915999996024766,200,10332
4458276.29658,small,/small/small_24.html,0.40298000021721236,200,10332
4458286.581925999,small,/small/small_37.html,0.39012599972920725,200,10332
4458296.923887,small,/small/small_29.html,0.40056299985735677,200,10332
4458307.159667,small,/small/small_39.html,0.4036590007672203,200,10332
4458317.287117,small,/small/small_42.html,0.39538199962407816,200,10332
4458327.624415,small,/small/small_32.html,0.45458700060407864,200,10332
4458337.962834,small,/small/small_09.html,0.40697900021768874,200,10332
4458348.257267,small,/small/small_10.html,0.40065199937089346,200,10332
4458358.458674,small,/small/small_46.html,0.39766500049154274,200,10332
4458368.806434,small,/small/small_10.html,0.44559900015883613,200,10332
4458379.126677,small,/small/small_37.html,0.3951820008296636,200,10332
4458389.17746,small,/small/small_29.html,0.39753999953973107,200,10332
4458399.295051999,small,/small/small_13.html,0.39607500002603047,200,10332
4458409.628077,small,/small/small_18.html,0.3889379995598574,200,10332
4458419.8958209995,small,/small/small_23.html,0.39573000049131224,200,10332
4458425.08323,small,/small/small_03.html,0.40314800025953446,200,10332
4458435.236748,small,/small/small_40.html,0.46785799986537313,200,10332
4458445.58105,small,/small/small_28.html,0.48089000028994633,200,10332
4458455.923717,small,/small/small_02.html,0.5148740001459373,200,10332
4458466.181807,small,/small/small_36.html,0.40876599996408913,200,10332
4458476.298406,small,/small/small_17.html,0.39674899926467333,200,10332
4458486.566199,small,/small/small_16.html,0.39044200002535945,200,10332
4458496.938643,small,/small/small_30.html,0.460932000351022,200,10332
4458507.182584,small,/small/small_40.html,0.4495129996939795,200,10332
4458517.305697,small,/small/small_43.html,0.4114399998798035,200,10332
4458527.646651001,small,/small/small_35.html,0.4399409999678028,200,10332
4458537.986497,small,/small/small_19.html,0.40960099977382924,200,10332
4458548.256628,small,/small/small_49.html,0.399592999201559,200,10332
4458558.453679,small,/small/small_08.html,0.3974800001742551,200,10332
4458568.72902,small,/small/small_16.html,0.44153100043331506,200,10332
4458579.082038,small,/small/small_42.html,0.39662800008954946,200,10332
4458589.227501,small,/small/small_25.html,0.39991399989958154,200,10332
4458599.456887,small,/small/small_39.html,0.4032679998999811,200,10332
4458609.795941,small,/small/small_34.html,0.4001890001745778,200,10332
4458614.974324999,small,/small/small_48.html,0.4074240005138563,200,10332
4458625.177797,small,/small/small_25.html,0.4032380002172431,200,10332
4458635.29814,small,/small/small_50.html,0.40500600061932346,200,10332
4458645.56045,small,/small/small_48.html,0.40095999975164887,200,10332
4458655.899084,small,/small/small_36.html,0.41577100000722567,200,10332
4458666.170431,small,/small/small_10.html,0.39756600017426535,200,10332
4458676.298884,small,/small/small_42.html,0.40301399985764874,200,10332
4458686.510658,small,/small/small_29.html,0.6029679998391657,200,10332
4458696.815223,small,/small/small_47.html,0.5510860000867979,200,10332
4458707.115544,small,/small/small_27.html,0.41006500032381155,200,10332
4458717.227589,small,/small/small_21.html,0.40440000066155335,200,10332
4458727.455376,small,/small/small_26.html,0.3993199998149066,200,10332
4458737.735777999,small,/small/small_46.html,0.40983400049299235,200,10332
4458748.256976,small,/small/small_17.html,0.4150989998379373,200,10332
4458758.229894,small,/small/small_43.html,0.3945899998143432,200,10332
4458768.4594519995,small,/small/small_38.html,0.39813900002627634,200,10332
4458778.793540999,small,/small/small_30.html,0.39821000063966494,200,10332
4458789.112018,small,/small/small_01.html,0.39517699951829854,200,10332
4458799.222356,small,/small/small_24.html,0.3983189999416936,200,10332
4458809.474552,small,/small/small_21.html,0.402889999350009,200,10332
4458819.740139,small,/small/small_12.html,0.4250680003679008,200,10332
4458824.919530001,small,/small/small_21.html,0.4304370004319935,200,10332
4458835.184114,small,/small/small_34.html,0.39983700025914004,200,10332
4458845.32347,small,/small/small_26.html,0.397312000131933,200,10332
4458855.665301,small,/small/small_16.html,0.375351999537088,200,10332
4458865.973377,small,/small/small_07.html,0.41181799952028086,200,10332
4458876.233289,small,/small/small_23.html,0.4016779994344688,200,10332
4458886.461661,small,/small/small_32.html,0.4007419993286021,200,10332
4458896.809198,small,/small/small_46.html,0.40798800000629853,200,10332
4458907.14936,small,/small/small_22.html,0.40441199962515384,200,10332
4458917.281742,small,/small/small_42.html,0.4036469999846304,200,10332
4458927.625078999,small,/small/small_01.html,0.3968170003645355,200,10332
4458937.926468,small,/small/small_41.html,0.47186599931592355,200,10332
4458948.30601,small,/small/small_14.html,0.44611000066652196,200,10332
4458958.646232001,small,/small/small_40.html,0.45379699986369815,200,10332
4458968.996645,small,/small/small_22.html,0.40551200072513893,200,10332
4458979.2301010005,small,/small/small_26.html,0.4091769997103256,200,10332
4458989.467817999,small,/small/small_47.html,0.40618500042910455,200,10332
4458999.758611,small,/small/small_49.html,0.47472100050072186,200,10332
4459004.937502,small,/small/small_33.html,0.4185580000921618,200,10332
4459015.162366,small,/small/small_24.html,0.4044070001327782,200,10332
4459025.296657,small,/small/small_24.html,0.4001679999419139,200,10332
4459035.633992,small,/small/small_12.html,0.39392899998347275,200,10332
4459045.959645,small,/small/small_35.html,0.4101629992874223,200,10332
4459056.166127,small,/small/small_47.html,0.6455500006268267,200,10332
4459066.309164,small,/small/small_14.html,0.39830300011090003,200,10332
4459076.648065,small,/small/small_16.html,0.42101799954252783,200,10332
4459086.989521,small,/small/small_18.html,0.4421149997142493,200,10332
4459097.226458,small,/small/small_33.html,0.3958220004278701,200,10332
4459107.464208,small,/small/small_01.html,0.44571299986273516,200,10332
4459117.806342,small,/small/small_31.html,0.4471789998206077,200,10332
4459128.178277,small,/small/small_42.html,0.40964599975268357,200,10332
4459138.298599,small,/small/small_13.html,0.3953559998990386,200,10332
4459148.634223999,small,/small/small_39.html,0.3593199999158969,200,10332
4459158.985088,small,/small/small_32.html,0.3985350003858912,200,10332
4459169.17255,small,/small/small_47.html,0.397531000089657,200,10332
4459179.269661999,small,/small/small_14.html,0.40627999987918884,200,10332
4459189.498378,small,/small/small_14.html,0.40919799994298955,200,10332
4459199.83381,small,/small/small_06.html,0.4298050007491838,200,10332
4459205.027319,small,/small/small_41.html,0.3961630000048899,200,10332
4459215.228974,small,/small/small_12.html,0.3982799998993869,200,10332
4459225.471594,small,/small/small_40.html,0.40980999983730726,200,10332
4459235.8149689995,small,/small/small_01.html,0.43126000036863843,200,10332
4459246.211662,small,/small/small_08.html,0.3948379999201279,200,10332
4459256.289379,small,/small/small_37.html,0.40316000013262965,200,10332
4459266.630856,small,/small/small_25.html,0.40130400066118455,200,10332
4459276.968182,small,/small/small_30.html,0.4076830000485643,200,10332
4459287.173179,small,/small/small_50.html,0.39984099930734374,200,10332
4459297.300043,small,/small/small_42.html,0.39355199987767264,200,10332
4459307.633682,small,/small/small_10.html,0.41221299943572376,200,10332
4459317.979831,small,/small/small_35.html,0.40678699951968156,200,10332
4459328.242487,small,/small/small_34.html,0.4146169994783122,200,10332
4459338.474664001,small,/small/small_19.html,0.4049119997944217,200,10332
4459348.810876001,small,/small/small_02.html,0.45907899948360864,200,10332
4459359.06834,small,/small/small_36.html,0.4122320005990332,200,10332
4459369.225429,small,/small/small_27.html,0.3951540002162801,200,10332
4459379.427979,small,/small/small_12.html,0.44248700032767374,200,10332
4459389.768183,small,/small/small_30.html,0.3818440000031842,200,10332
4459394.950101,small,/small/small_03.html,0.40360200000577606,200,10332
4459405.165905,small,/small/small_30.html,0.40129799981514225,200,10332
4459415.453578,small,/small/small_10.html,0.40340899977309164,200,10332
4459425.796398,small,/small/small_40.html,0.4118799997741007,200,10332
4459436.098335,small,/small/small_20.html,0.4359559998192708,200,10332
4459446.234958,small,/small/small_42.html,0.45176299954619026,200,10332
4459456.365141,small,/small/small_13.html,0.40775100023893174,200,10332
4459466.707382999,small,/small/small_15.html,0.4031729995404021,200,10332
4459477.060877,small,/small/small_08.html,0.3988700000263634,200,10332
4459487.245929,small,/small/small_24.html,0.4027639997730148,200,10332
4459497.477473,small,/small/small_33.html,0.40479300059814705,200,10332
4459507.820883,small,/small/small_46.html,0.43877299958694493,200,10332
4459518.164338,small,/small/small_23.html,0.39956199998414377,200,10332
4459528.294036999,small,/small/small_28.html,0.38812200000393204,200,10332
4459538.639057,small,/small/small_13.html,0.39190099960251246,200,10332
4459548.98348,small,/small/small_49.html,0.40662500032340176,200,10332
4459559.246121,small,/small/small_02.html,0.3923699996448704,200,10332
4459569.480324,small,/small/small_10.html,0.39965099949768046,200,10332
4459579.710234,small,/small/small_35.html,0.4005529999631108,200,10332
4459590.050392999,small,/small/small_09.html,0.3990870000052382,200,10332
4459595.171109,small,/small/small_32.html,0.39960400044947164,200,10332
4459605.296636,small,/small/small_44.html,0.3951050002797274,200,10332
4459615.628412,small,/small/small_43.html,0.3809239997281111,200,10332
4459625.969836,small,/small/small_05.html,0.4066599994985154,200,10332
4459636.407814001,small,/small/small_10.html,0.4000999997515464,200,10332
4459646.670155,small,/small/small_08.html,0.44381800034898333,200,10332
4459656.865717,small,/small/small_06.html,0.46704199939995306,200,10332
4459667.163555999,small,/small/small_23.html,0.39543000002595363,200,10332
4459677.291745,small,/small/small_46.html,0.3961689999414375,200,10332
4459687.603509,small,/small/small_20.html,0.38571900040551554,200,10332
4459698.0523419995,small,/small/small_44.html,0.39697600004728884,200,10332
4459708.227875001,small,/small/small_35.html,0.44268599958741106,200,10332
4459718.459816,small,/small/small_15.html,0.4033999994135229,200,10332
4459728.804531,small,/small/small_50.html,0.40966199958347715,200,10332
4459739.1268259995,small,/small/small_22.html,0.39922300038597314,200,10332
4459749.280854,small,/small/small_12.html,0.3944389991374919,200,10332
4459759.620037,small,/small/small_14.html,0.4325780000726809,200,10332
4459764.921421,small,/small/small_43.html,0.43633600034809206,200,10332
4459775.161984,small,/small/small_22.html,0.4001100005552871,200,10332
4459785.286636,small,/small/small_32.html,0.40498799990018597,200,10332
4459795.6204510005,small,/small/small_23.html,0.3987890004282235,200,10332
4459805.968149001,small,/small/small_34.html,0.40011300006881356,200,10332
4459816.171007,small,/small/small_43.html,0.3934249998565065,200,10332
4459826.291956,small,/small/small_09.html,0.38914500055398094,200,10332
4459836.554855,small,/small/small_25.html,0.40244100000563776,200,10332
4459846.871455,small,/small/small_50.html,0.435404999734601,200,10332
4459857.169303,small,/small/small_15.html,0.385512999855564,200,10332
4459867.292523,small,/small/small_40.html,0.3932050003641052,200,10332
4459877.625528,small,/small/small_08.html,0.3952090000893804,200,10332
4459887.93834,small,/small/small_37.html,0.40670599992154166,200,10332
4459898.171764,small,/small/small_12.html,0.40962300045066513,200,10332
4459908.301007,small,/small/small_40.html,0.39972400008991826,200,10332
4459918.6375359995,small,/small/small_05.html,0.39125100011006,200,10332
4459928.982038,small,/small/small_21.html,0.4397590000735363,200,10332
4459939.220788,small,/small/small_16.html,0.4665320002459339,200,10332
4459949.487893,small,/small/small_30.html,0.4732080005851458,200,10332
4459959.796943,small,/small/small_30.html,0.40923599954112433,200,10332
4459964.9817429995,small,/small/small_15.html,0.41444399994361447,200,10332
4459975.161598001,small,/small/small_07.html,0.42992500038963044,200,10332
4459985.291244,small,/small/small_37.html,0.4048979999424773,200,10332
4459995.544218,small,/small/small_17.html,0.38873600078659365,200,10332
4460005.8580020005,small,/small/small_16.html,0.4025190000902512,200,10332
4460016.226306,small,/small/small_15.html,0.3944769996451214,200,10332
4460026.355062,small,/small/small_11.html,0.40579200049251085,200,10332
4460036.612449001,small,/small/small_47.html,0.3937740002584178,200,10332
4460046.956106,small,/small/small_11.html,0.45011800011707237,200,10332
4460057.193302,small,/small/small_07.html,0.4039489995193435,200,10332
4460067.290171,small,/small/small_49.html,0.39281299996218877,200,10332
4460077.625405,small,/small/small_01.html,0.4144390004512388,200,10332
4460087.96676,small,/small/small_01.html,0.4374430000098073,200,10332
4460098.180909,small,/small/small_03.html,0.40131599962478504,200,10332
4460108.30626,small,/small/small_01.html,0.39293400004680734,200,10332
4460118.643333999,small,/small/small_25.html,0.3915490005965694,200,10332
4460128.9946099995,small,/small/small_10.html,0.4124969991607941,200,10332
4460139.2267310005,small,/small/small_18.html,0.40278500000567874,200,10332
4460149.4555979995,small,/small/small_37.html,0.4124570004933048,200,10332
4460159.797057999,small,/small/small_34.html,0.4020310007035732,200,10332
4460169.984123999,small,/small/small_20.html,0.41035300000658026,200,10332
4460175.135401,small,/small/small_27.html,0.4028900002595037,200,10332
4460185.290526,small,/small/small_25.html,0.403967000238481,200,10332
4460195.632124,small,/small/small_26.html,0.4274660004739417,200,10332
4460205.973325,small,/small/small_27.html,0.40329799958271906,200,10332
4460216.162095999,small,/small/small_37.html,0.40554899987910176,200,10332
4460226.275818001,small,/small/small_28.html,0.40527300006942824,200,10332
4460236.54068,small,/small/small_21.html,0.39983699934964534,200,10332
4460246.88693,small,/small/small_37.html,0.43567899956542533,200,10332
4460257.055223,small,/small/small_27.html,0.6739009995726519,200,10332
4460267.238505,small,/small/small_30.html,0.40159999934985535,200,10332
4460277.468148,small,/small/small_33.html,0.3937400006179814,200,10332
4460287.675256,small,/small/small_34.html,0.4487349997361889,200,10332
4460297.968123,small,/small/small_11.html,0.4516749995673308,200,10332
4460308.261291,small,/small/small_24.html,0.44362199969327776,200,10332
4460318.404871,small,/small/small_48.html,0.41387399960512994,200,10332
4460328.592247,small,/small/small_14.html,0.41353999949933495,200,10332
4460338.932642,small,/small/small_33.html,0.41273999977420317,200,10332
4460349.194092,small,/small/small_33.html,0.39877799918031087,200,10332
4460359.321936,small,/small/small_11.html,0.4013029993075179,200,10332
4460369.663749,small,/small/small_20.html,0.45534699984273175,200,10332
4460380.034849,small,/small/small_10.html,0.4780139997819788,200,10332
4460385.165945,small,/small/small_06.html,0.40176800030167215,200,10332
4460395.291662,small,/small/small_44.html,0.4020890000902,200,10332
4460405.629017,small,/small/small_36.html,0.40067800000542775,200,10332
4460415.974216,small,/small/small_36.html,0.4433149997566943,200,10332
4460426.273062,small,/small/small_26.html,0.41408699962630635,200,10332
4460436.503034,small,/small/small_20.html,0.4046419999212958,200,10332
4460446.750713,small,/small/small_11.html,0.4997199994249968,200,10332
4460457.126432001,small,/small/small_15.html,0.4072049996466376,200,10332
4460467.237459,small,/small/small_13.html,0.46075699992798036,200,10332
4460477.467585,small,/small/small_15.html,0.4167730003246106,200,10332
4460487.808854,small,/small/small_17.html,0.40438799987896346,200,10332
4460498.062716001,small,/small/small_39.html,0.41428199983784,200,10332
4460508.229575,small,/small/small_02.html,0.3948989997297758,200,10332
4460518.458554,small,/small/small_26.html,0.4078410001966404,200,10332
4460528.802858,small,/small/small_46.html,0.4051139994771802,200,10332
4460539.122492,small,/small/small_32.html,0.37414199960039696,200,10332
4460549.272827,small,/small/small_21.html,0.419771000451874,200,10332
4460559.532166,small,/small/small_47.html,0.38549199962290004,200,10332
4460569.756857,small,/small/small_42.html,0.4162149998592213,200,10332
4460574.938224,small,/small/small_22.html,0.41127700023935176,200,10332
4460585.181669001,small,/small/small_04.html,0.39557800027978374,200,10332
4460595.254318,small,/small/small_17.html,0.39980099973035976,200,10332
4460605.407675,small,/small/small_29.html,0.39982300040719565,200,10332
4460615.74784,small,/small/small_33.html,0.4463820005184971,200,10332
4460626.105087,small,/small/small_04.html,0.38491299983434146,200,10332
4460636.24353,small,/small/small_01.html,0.42943900007230695,200,10332
4460646.58975,small,/small/small_15.html,0.4081030001543695,200,10332
4460656.935316,small,/small/small_45.html,0.4198789993097307,200,10332
4460667.167293,small,/small/small_09.html,0.3930789998776163,200,10332
4460677.367907,small,/small/small_19.html,0.40175199956138385,200,10332
4460687.659665,small,/small/small_12.html,0.4595359996528714,200,10332
4460697.969003,small,/small/small_04.html,0.5038130002503749,200,10332
4460708.116113,small,/small/small_05.html,0.49760799993237015,200,10332
4460718.240467,small,/small/small_38.html,0.4617690001396113,200,10332
4460728.393683,small,/small/small_02.html,0.4057119995195535,200,10332
4460738.72805,small,/small/small_44.html,0.3684599996631732,200,10332
4460749.0576760005,small,/small/small_49.html,0.3977639998993254,200,10332
4460759.218268,small,/small/small_28.html,0.3999600003226078,200,10332
4460769.451612,small,/small/small_50.html,0.4044859997520689,200,10332
4460779.78339,small,/small/small_38.html,0.415053999859083,200,10332
4460784.954912,small,/small/small_01.html,0.3962199998568394,200,10332
4460795.170101,small,/small/small_02.html,0.39720699987810804,200,10332
4460805.300305,small,/small/small_50.html,0.38991699966572924,200,10332
4460815.619217,small,/small/small_34.html,0.4185309999229503,200,10332
4460825.9613769995,small,/small/small_02.html,0.44138900011603255,200,10332
4460836.221436,small,/small/small_08.html,0.40258500030176947,200,10332
4460846.451092999,small,/small/small_38.html,0.40417099990008865,200,10332
4460856.764324,small,/small/small_23.html,0.43720699977711774,200,10332
4460867.036255,small,/small/small_07.html,0.39657500019529834,200,10332
4460877.231369,small,/small/small_43.html,0.4028849998576334,200,10332
4460887.4574339995,small,/small/small_12.html,0.40147800064005423,200,10332
4460897.797421,small,/small/small_16.html,0.3864800000883406,200,10332
4460908.118941,small,/small/small_11.html,0.452269999186683,200,10332
4460918.2248019995,small,/small/small_46.html,0.40476100002706517,200,10332
4460928.452188,small,/small/small_03.html,0.4054000000905944,200,10332
4460938.800586,small,/small/small_07.html,0.403517999984615,200,10332
4460949.028054,small,/small/small_16.html,0.4340640007285401,200,10332
4460959.234533,small,/small/small_43.html,0.4447050005182973,200,10332
4460969.4659400005,small,/small/small_12.html,0.4292960002203472,200,10332
4460979.812575,small,/small/small_01.html,0.4519320000326843,200,10332
4460984.937778,small,/small/small_08.html,0.4181439999229042,200,10332
4460995.117518,small,/small/small_42.html,0.40324699966731714,200,10332
4461005.243409,small,/small/small_22.html,0.399848000597558,200,10332
4461015.5791690005,small,/small/small_42.html,0.3907509999407921,200,10332
4461025.925511001,small,/small/small_09.html,0.4329430003053858,200,10332
4461036.16958,small,/small/small_16.html,0.4012910003439174,200,10332
4461046.295451,small,/small/small_24.html,0.3956969994760584,200,10332
4461056.6317610005,small,/small/small_12.html,0.4009490003227256,200,10332
4461066.919810001,small,/small/small_25.html,0.45239900009619305,200,10332
4461077.165306999,small,/small/small_06.html,0.40647499918122776,200,10332
4461087.291935001,small,/small/small_37.html,0.40166500002669636,200,10332
4461097.623764,small,/small/small_24.html,0.6009319995428086,200,10332
4461107.977175999,small,/small/small_50.html,0.4064490003656829,200,10332
4461118.160208,small,/small/small_20.html,0.3989629994975985,200,10332
4461128.2899939995,small,/small/small_03.html,0.4063239994138712,200,10332
4461138.633374999,small,/small/small_06.html,0.3975589997935458,200,10332
4461148.97042,small,/small/small_33.html,0.40925099983724067,200,10332
4461159.181898,small,/small/small_39.html,0.394462999793177,200,10332
4461169.295945,small,/small/small_19.html,0.40160399930755375,200,10332
4461179.634814,small,/small/small_40.html,0.39688299966655904,200,10332
4461189.972149,small,/small/small_39.html,0.4068159996677423,200,10332
4461195.1945090005,small,/small/small_42.html,0.4079390000697458,200,10332
4461205.506449,small,/small/small_35.html,0.398856000174419,200,10332
4461215.769904,small,/small/small_39.html,0.4051489995617885,200,10332
4461226.180245,small,/small/small_40.html,0.3950560003431747,200,10332
4461236.322626,small,/small/small_05.html,0.3979210005127243,200,10332
4461246.661358,small,/small/small_39.html,0.425567999627674,200,10332
4461257.008029,small,/small/small_02.html,0.4034410003441735,200,10332
4461267.3152520005,small,/small/small_13.html,0.40065200028038817,200,10332
4461277.652285,small,/small/small_34.html,0.43373999960749643,200,10332
4461287.991864,small,/small/small_28.html,0.3921999996236991,200,10332
4461298.223867,small,/small/small_07.html,0.40408999939245405,200,10332
4461308.570966,small,/small/small_20.html,0.39379299960273784,200,10332
4461318.864248,small,/small/small_16.html,0.3979840003012214,200,10332
4461329.095508,small,/small/small_31.html,0.40731599983701017,200,10332
4461339.230891,small,/small/small_01.html,0.402566999582632,200,10332
4461349.585287999,small,/small/small_03.html,0.3823200004262617,200,10332
4461359.926873,small,/small/small_14.html,0.41065699952014256,200,10332
4461365.048007,small,/small/small_29.html,0.3999150003437535,200,10332
4461375.187163999,small,/small/small_49.html,0.39555800049129175,200,10332
4461385.307888,small,/small/small_16.html,0.4486329999053851,200,10332
4461395.652976,small,/small/small_03.html,0.4629850000128499,200,10332
4461405.998439,small,/small/small_25.html,0.41231599971069954,200,10332
4461416.226593,small,/small/small_37.html,0.4033619998153881,200,10332
4461426.45495,small,/small/small_28.html,0.4004319998784922,200,10332
4461436.742368,small,/small/small_02.html,0.4378019993964699,200,10332
4461447.0587639995,small,/small/small_48.html,0.4024339996249182,200,10332
4461457.227756,small,/small/small_08.html,0.4851690000577946,200,10332
4461467.356319,small,/small/small_13.html,0.49131900050269905,200,10332
4461477.701040001,small,/small/small_06.html,0.455069000054209,200,10332
4461487.970067,small,/small/small_18.html,0.45250400035001803,200,10332
4461498.245117,small,/small/small_35.html,0.40767799964669393,200,10332
4461508.361574001,small,/small/small_08.html,0.4584460002661217,200,10332
4461518.668361,small,/small/small_12.html,0.4201679994366714,200,10332
4461529.012227,small,/small/small_20.html,0.4081819997736602,200,10332
4461539.2205179995,small,/small/small_39.html,0.39486900004703784,200,10332
4461549.4609779995,small,/small/small_44.html,0.47712000014143996,200,10332
4461559.79667,small,/small/small_01.html,0.41844899988063844,200,10332
4461570.054237,small,/small/small_42.html,0.4016600005343207,200,10332
4461575.17358,small,/small/small_30.html,0.3963469998780056,200,10332
4461585.286026999,small,/small/small_42.html,0.39391899917973205,200,10332
4461595.618989999,small,/small/small_01.html,0.37894999968557386,200,10332
4461605.895489001,small,/small/small_15.html,0.39967900011106394,200,10332
4461616.109112,small,/small/small_22.html,0.39986800038604997,200,10332
4461626.255011,small,/small/small_16.html,0.4205839995847782,200,10332
4461636.491687,small,/small/small_18.html,0.45551299990620464,200,10332
4461646.839229,small,/small/small_08.html,0.4473669996514218,200,10332
4461657.051955,small,/small/small_13.html,0.41724199945747387,200,10332
4461667.226013,small,/small/small_18.html,0.3977779997512698,200,10332
4461677.564743,small,/small/small_08.html,0.40185699981520884,200,10332
4461687.9133399995,small,/small/small_40.html,0.40183699911722215,200,10332
4461698.092184001,small,/small/small_21.html,0.40302399975189473,200,10332
4461708.232330999,small,/small/small_38.html,0.39399999968736665,200,10332
4461718.460542,small,/small/small_13.html,0.4101670001546154,200,10332
4461728.786826,small,/small/small_29.html,0.4512980003710254,200,10332
4461739.117362,small,/small/small_26.html,0.39904100049170665,200,10332
4461749.246773,small,/small/small_21.html,0.41999899985967204,200,10332
4461759.586539,small,/small/small_04.html,0.38657799996144604,200,10332
4461769.857528,small,/small/small_28.html,0.42835699969145935,200,10332
4461775.038021,small,/small/small_43.html,0.39978899985726457,200,10332
4461785.239421001,small,/small/small_45.html,0.3997690000687726,200,10332
4461795.469474999,small,/small/small_36.html,0.40008199994190363,200,10332
4461805.807939,small,/small/small_42.html,0.39806399945518933,200,10332
4461816.132473,small,/small/small_04.html,0.38697499985573813,200,10332
4461826.282439,small,/small/small_34.html,0.39332899996225024,200,10332
4461836.546564,small,/small/small_18.html,0.37864799924136605,200,10332
4461846.88874,small,/small/small_19.html,0.40758100021776045,200,10332
4461857.125396,small,/small/small_27.html,0.3972730000896263,200,10332
4461867.277082,small,/small/small_49.html,0.4110159998162999,200,10332
4461877.513168001,small,/small/small_49.html,0.3970100005972199,200,10332
4461887.793283,small,/small/small_45.html,0.4031509997730609,200,10332
4461898.077518,small,/small/small_08.html,0.4005470000265632,200,10332
4461908.215214,small,/small/small_18.html,0.3926310000679223,200,10332
4461918.55062,small,/small/small_09.html,0.39920699964568485,200,10332
4461928.891879,small,/small/small_28.html,0.419904999944265,200,10332
4461939.153167,small,/small/small_03.html,0.39901900072436547,200,10332
4461949.285638,small,/small/small_09.html,0.39661800019530347,200,10332
4461959.546026,small,/small/small_03.html,0.4767969994645682,200,10332
4461969.813926,small,/small/small_14.html,0.46868100071151275,200,10332
4461974.991262,small,/small/small_46.html,0.4381770004329155,200,10332
4461985.226403,small,/small/small_49.html,0.4131200003030244,200,10332
4461995.383215001,small,/small/small_11.html,0.4361500004961272,200,10332
4462005.652957,small,/small/small_23.html,0.4587719995470252,200,10332
4462016.0082020005,small,/small/small_46.html,0.39899399962450843,200,10332
4462026.247919,small,/small/small_36.html,0.3977690003011958,200,10332
4462036.480162,small,/small/small_11.html,0.4110350000701146,200,10332
4462046.821254,small,/small/small_19.html,0.46362000011868076,200,10332
4462057.144841,small,/small/small_41.html,0.4094830001122318,200,10332
4462067.299126,small,/small/small_18.html,0.3955510001105722,200,10332
4462077.617377999,small,/small/small_15.html,0.3900680003425805,200,10332
4462087.964029,small,/small/small_14.html,0.3892289996656473,200,10332
4462098.197821001,small,/small/small_34.html,0.39907700011099223,200,10332
4462108.432473,small,/small/small_29.html,0.44869900011690333,200,10332
4462118.768189,small,/small/small_02.html,0.40542899932916043,200,10332
4462129.035773001,small,/small/small_27.html,0.4179279994787066,200,10332
4462139.22843,small,/small/small_40.html,0.3942079993066727,200,10332
4462149.375388,small,/small/small_34.html,0.4017530000055558,200,10332
4462159.712516,small,/small/small_28.html,0.4129290000491892,200,10332
4462170.037158,small,/small/small_30.html,0.4025210000691004,200,10332
4462175.173651,small,/small/small_43.html,0.4007050001746393,200,10332
4462185.299212,small,/small/small_12.html,0.3937880001103622,200,10332
4462195.635984,small,/small/small_10.html,0.3913529999408638,200,10332
4462205.9738839995,small,/small/small_08.html,0.43820799965033075,200,10332
4462216.16897,small,/small/small_02.html,0.3917619997082511,200,10332
4462226.291165,small,/small/small_04.html,0.400201000047673,200,10332
4462236.494832,small,/small/small_39.html,0.40433499998471234,200,10332
4462246.819029,small,/small/small_26.html,0.4368540003270027,200,10332
4462257.15517,small,/small/small_39.html,0.4002480000053765,200,10332
4462267.393475,small,/small/small_41.html,0.3944649997720262,200,10332
4462277.735865,small,/small/small_37.html,0.4204159995424561,200,10332
4462288.096893,small,/small/small_38.html,0.39658500008954434,200,10332
4462298.229657,small,/small/small_22.html,0.4011040000477806,200,10332
4462308.46715,small,/small/small_04.html,0.40051399992080405,200,10332
4462318.803166,small,/small/small_14.html,0.40817500030243536,200,10332
4462329.051615,small,/small/small_04.html,0.4363799998827744,200,10332
4462339.232702999,small,/small/small_04.html,0.4017219998786459,200,10332
4462349.457951,small,/small/small_44.html,0.4071869998369948,200,10332
4462359.774983,small,/small/small_39.html,0.4448930003491114,200,10332
4462364.9061859995,small,/small/small_04.html,0.4088830000910093,200,10332
4462375.171514,small,/small/small_27.html,0.3960899994126521,200,10332
4462385.297720999,small,/small/small_11.html,0.4018579993498861,200,10332
4462395.634218,small,/small/small_16.html,0.43504699988261564,200,10332
4462405.870453,small,/small/small_17.html,0.40530000023863977,200,10332
4462416.16971,small,/small/small_47.html,0.4010639995613019,200,10332
4462426.290317,small,/small/small_18.html,0.39438299972971436,200,10332
4462436.6023969995,small,/small/small_14.html,0.3899319999618456,200,10332
4462446.941033999,small,/small/small_01.html,0.41577299998607486,200,10332
4462457.165084,small,/small/small_01.html,0.39650200051255524,200,10332
4462467.304,small,/small/small_48.html,0.4811119997611968,200,10332
4462477.53462,small,/small/small_07.html,0.4272639998816885,200,10332
4462487.877711,small,/small/small_28.html,0.41170199983753264,200,10332
4462498.117636,small,/small/small_30.html,0.4054470000482979,200,10332
4462508.224103,small,/small/small_18.html,0.3854360002151225,200,10332
4462518.454152999,small,/small/small_01.html,0.41272700036643073,200,10332
4462528.805554001,small,/small/small_02.html,0.4472130003705388,200,10332
4462539.132018,small,/small/small_39.html,0.40138900021702284,200,10332
4462549.274066,small,/small/small_14.html,0.3954959993279772,200,10332
4462559.610403,small,/small/small_06.html,0.3968130004068371,200,10332
4462569.877134,small,/small/small_36.html,0.41192700064129895,200,10332
4462575.045452001,small,/small/small_22.html,0.40140100009011803,200,10332
4462585.227745,small,/small/small_22.html,0.3948979992856039,200,10332
4462595.458772,small,/small/small_20.html,0.39611700049135834,200,10332
4462605.7934840005,small,/small/small_43.html,0.40988299952005036,200,10332
4462616.147327,small,/small/small_17.html,0.39192700023704674,200,10332
4462626.240485,small,/small/small_33.html,0.39758000002620975,200,10332
4462636.476509,small,/small/small_50.html,0.41352399966854136,200,10332
4462646.806042001,small,/small/small_19.html,0.40339299994229805,200,10332
4462657.118501,small,/small/small_34.html,0.43183999969187425,200,10332
4462667.228313,small,/small/small_36.html,0.3973889997723745,200,10332
4462677.567447,small,/small/small_25.html,0.3977689993917011,200,10332
4462687.911717,small,/small/small_06.html,0.39972200011106906,200,10332
4462698.1269580005,small,/small/small_34.html,0.39774400011083344,200,10332
4462708.228523,small,/small/small_21.html,0.40363199968851404,200,10332
4462718.411557,small,/small/small_50.html,0.5017779994886951,200,10332
4462728.553797,small,/small/small_38.html,0.5589160000454285,200,10332
4462738.816388,small,/small/small_27.html,0.4545799993138644,200,10332
4462749.193903,small,/small/small_40.html,0.39894800011097686,200,10332
4462759.3156200005,small,/small/small_18.html,0.41258400051447097,200,10332
4462769.646392999,small,/small/small_31.html,0.4903760000161128,200,10332
4462779.988047,small,/small/small_32.html,0.39290800032176776,200,10332
4462785.178308,small,/small/small_24.html,0.4010399998151115,200,10332
4462795.2988950005,small,/small/small_48.html,0.3993520003859885,200,10332
4462805.63331,small,/small/small_06.html,0.3921919997083023,200,10332
4462815.974243,small,/small/small_44.html,0.40258699937112397,200,10332
4462826.171228999,small,/small/small_02.html,0.4005490000054124,200,10332
4462836.3977850005,small,/small/small_03.html,0.40182900011132006,200,10332
4462846.738199,small,/small/small_50.html,0.39596299939148594,200,10332
4462857.079782,small,/small/small_45.html,0.40171099954022793,200,10332
4462867.2252360005,small,/small/small_43.html,0.3998749998572748,200,10332
4462877.449369,small,/small/small_33.html,0.4019879997940734,200,10332
4462887.793039,small,/small/small_25.html,0.40560999968874967,200,10332
4462898.046879,small,/small/small_01.html,0.4093970001122216,200,10332
4462908.230048001,small,/small/small_19.html,0.3936240000257385,200,10332
4462918.455161,small,/small/small_02.html,0.3967479997299961,200,10332
4462928.797048,small,/small/small_21.html,0.4333769993536407,200,10332
4462939.034136,small,/small/small_37.html,0.3782880003200262,200,10332
4462949.226607,small,/small/small_44.html,0.39927800025907345,200,10332
4462959.449596,small,/small/small_25.html,0.3873089999615331,200,10332
4462969.782623,small,/small/small_02.html,0.5012709998482023,200,10332
4462974.961518,small,/small/small_16.html,0.4815199999939068,200,10332
4462985.170942,small,/small/small_08.html,0.43753699992521433,200,10332
4462995.297556,small,/small/small_09.html,0.40045700006885454,200,10332
4463005.530046,small,/small/small_26.html,0.39441699937015073,200,10332
4463015.782882,small,/small/small_44.html,0.44110100043326383,200,10332
4463026.038694,small,/small/small_27.html,0.39542000013170764,200,10332
4463036.228666,small,/small/small_14.html,0.39936299981491175,200,10332
4463046.562113,small,/small/small_10.html,0.38678700002492405,200,10332
4463056.903957,small,/small/small_41.html,0.41309599964733934,200,10332
4463067.164504999,small,/small/small_26.html,0.4025210000691004,200,10332
4463077.295998001,small,/small/small_18.html,0.39615000059711747,200,10332
4463087.629774,small,/small/small_15.html,0.3938809995815973,200,10332
4463098.038132,small,/small/small_16.html,0.39025600017339457,200,10332
4463108.162928,small,/small/small_32.html,0.3946289998566499,200,10332
4463118.288865999,small,/small/small_14.html,0.4015639997305698,200,10332
4463128.621654,small,/small/small_25.html,0.4137380001338897,200,10332
4463138.9671910005,small,/small/small_34.html,0.4044329998578178,200,10332
4463149.184435001,small,/small/small_20.html,0.396046999412647,200,10332
4463159.296977,small,/small/small_37.html,0.39764100074535236,200,10332
4463169.63234,small,/small/small_41.html,0.4125099994780612,200,10332
4463179.974023,small,/small/small_06.html,0.4050959996675374,200,10332
4463185.1932230005,small,/small/small_12.html,0.4018539993921877,200,10332
4463195.304198,small,/small/small_11.html,0.4022470002382761,200,10332
4463205.613046,small,/small/small_35.html,0.38045499968575314,200,10332
4463215.956349,small,/small/small_13.html,0.4039249997731531,200,10332
4463226.16853,small,/small/small_41.html,0.3969330000472837,200,10332
4463236.297425,small,/small/small_33.html,0.4011860000900924,200,10332
4463246.632510001,small,/small/small_29.html,0.42679499983933056,200,10332
4463256.975127,small,/small/small_49.html,0.41131499983748654,200,10332
4463267.174678,small,/small/small_13.html,0.39000200013106223,200,10332
4463277.298248,small,/small/small_20.html,0.39750500036461744,200,10332
4463287.63387,small,/small/small_49.html,0.40454400004819036,200,10332
4463297.934313,small,/small/small_41.html,0.41734900059964275,200,10332
4463308.16519,small,/small/small_33.html,0.3941040004065144,200,10332
4463318.284425,small,/small/small_10.html,0.4015279992017895,200,10332
4463328.620356999,small,/small/small_02.html,0.4350729996076552,200,10332
4463338.963870999,small,/small/small_34.html,0.4070129998581251,200,10332
4463349.170270001,small,/small/small_15.html,0.39801799994165776,200,10332
